month,town,flat_type,block,street_name,storey_range,floor_area_sqm,flat_model,lease_commence_date,resale_price,remaining_lease
2012-02,YISHUN,3 ROOM,108,YISHUN RING RD,01 TO 03,67.0,New Generation,1985,305000.0,
2012-02,YISHUN,3 ROOM,108,YISHUN RING RD,01 TO 03,67.0,New Generation,1985,305000.0,
2015-01,KALLANG/WHAMPOA,3 ROOM,57,GEYLANG BAHRU,16 TO 18,65.0,Improved,1974,315000.0,58
2015-01,KALLANG/WHAMPOA,3 ROOM,57,GEYLANG BAHRU,16 TO 18,65.0,Improved,1974,315000.0,58
2015-02,TAMPINES,3 ROOM,403,TAMPINES ST 41,07 TO 09,69.0,Improved,1985,350000.0,69
2015-02,TAMPINES,3 ROOM,403,TAMPINES ST 41,07 TO 09,69.0,Improved,1985,350000.0,69
2015-04,BEDOK,4 ROOM,701,BEDOK RESERVOIR RD,10 TO 12,93.0,New Generation,1980,400000.0,64
2015-04,BEDOK,4 ROOM,701,BEDOK RESERVOIR RD,10 TO 12,93.0,New Generation,1980,400000.0,64
2015-04,CLEMENTI,3 ROOM,714,CLEMENTI WEST ST 2,10 TO 12,67.0,New Generation,1980,300000.0,64
2015-04,CLEMENTI,3 ROOM,714,CLEMENTI WEST ST 2,10 TO 12,67.0,New Generation,1980,300000.0,64
2015-05,BEDOK,3 ROOM,409,BEDOK NTH AVE 2,07 TO 09,68.0,New Generation,1980,340000.0,63
2015-05,BEDOK,3 ROOM,409,BEDOK NTH AVE 2,07 TO 09,68.0,New Generation,1980,340000.0,63
2015-05,JURONG WEST,3 ROOM,501,JURONG WEST ST 51,01 TO 03,74.0,Model A,1986,304000.0,69
2015-05,JURONG WEST,3 ROOM,501,JURONG WEST ST 51,01 TO 03,74.0,Model A,1986,304000.0,69
2015-06,BEDOK,3 ROOM,410,BEDOK NTH AVE 2,04 TO 06,68.0,New Generation,1980,340000.0,63
2015-06,BEDOK,3 ROOM,410,BEDOK NTH AVE 2,04 TO 06,68.0,New Generation,1980,340000.0,63
2015-06,BISHAN,4 ROOM,267,BISHAN ST 24,04 TO 06,104.0,Model A,1992,530000.0,76
2015-06,BISHAN,4 ROOM,267,BISHAN ST 24,04 TO 06,104.0,Model A,1992,530000.0,76
2015-07,CHOA CHU KANG,5 ROOM,690D,CHOA CHU KANG CRES,13 TO 15,110.0,Improved,2003,390000.0,87
2015-07,CHOA CHU KANG,5 ROOM,690D,CHOA CHU KANG CRES,13 TO 15,110.0,Improved,2003,390000.0,87
2015-08,ANG MO KIO,3 ROOM,473,ANG MO KIO AVE 10,07 TO 09,67.0,New Generation,1984,308000.0,67
2015-08,ANG MO KIO,3 ROOM,473,ANG MO KIO AVE 10,07 TO 09,67.0,New Generation,1984,308000.0,67
2015-08,WOODLANDS,4 ROOM,8,MARSILING DR,10 TO 12,88.0,Improved,1976,300000.0,59
2015-08,WOODLANDS,4 ROOM,8,MARSILING DR,10 TO 12,88.0,Improved,1976,300000.0,59
2015-11,JURONG EAST,3 ROOM,243,JURONG EAST ST 24,01 TO 03,67.0,New Generation,1983,260000.0,66
2015-11,JURONG EAST,3 ROOM,243,JURONG EAST ST 24,01 TO 03,67.0,New Generation,1983,260000.0,66
2015-11,TAMPINES,4 ROOM,488B,TAMPINES ST 45,07 TO 09,105.0,Model A,1989,405000.0,72
2015-11,TAMPINES,4 ROOM,488B,TAMPINES ST 45,07 TO 09,105.0,Model A,1989,405000.0,72
2015-12,KALLANG/WHAMPOA,5 ROOM,17,JLN TENTERAM,16 TO 18,105.0,Improved,2001,594000.0,84
2015-12,KALLANG/WHAMPOA,5 ROOM,17,JLN TENTERAM,16 TO 18,105.0,Improved,2001,594000.0,84
2016-01,CLEMENTI,3 ROOM,450,CLEMENTI AVE 3,04 TO 06,82.0,New Generation,1980,410000.0,63
2016-01,CLEMENTI,3 ROOM,450,CLEMENTI AVE 3,04 TO 06,82.0,New Generation,1980,410000.0,63
2016-01,SENGKANG,4 ROOM,436D,FERNVALE RD,13 TO 15,96.0,Model A,2010,455000.0,93
2016-01,SENGKANG,4 ROOM,436D,FERNVALE RD,13 TO 15,96.0,Model A,2010,455000.0,93
2016-02,SEMBAWANG,4 ROOM,467,ADMIRALTY DR,07 TO 09,102.0,Premium Apartment,2001,365000.0,84
2016-02,SEMBAWANG,4 ROOM,467,ADMIRALTY DR,07 TO 09,102.0,Premium Apartment,2001,365000.0,84
2016-03,ANG MO KIO,3 ROOM,333,ANG MO KIO AVE 1,04 TO 06,68.0,New Generation,1981,340000.0,63
2016-03,ANG MO KIO,3 ROOM,333,ANG MO KIO AVE 1,04 TO 06,68.0,New Generation,1981,340000.0,63
2016-04,TAMPINES,3 ROOM,830,TAMPINES ST 82,01 TO 03,70.0,Simplified,1986,315000.0,68
2016-04,TAMPINES,3 ROOM,830,TAMPINES ST 82,01 TO 03,70.0,Simplified,1986,315000.0,68
2016-08,KALLANG/WHAMPOA,5 ROOM,103,JLN RAJAH,07 TO 09,135.0,Model A,1984,700000.0,66
2016-08,KALLANG/WHAMPOA,5 ROOM,103,JLN RAJAH,07 TO 09,135.0,Model A,1984,700000.0,66
2016-08,TAMPINES,4 ROOM,168B,SIMEI LANE,10 TO 12,94.0,DBSS,2011,618000.0,93
2016-08,TAMPINES,4 ROOM,168B,SIMEI LANE,10 TO 12,94.0,DBSS,2011,618000.0,93
2016-09,SENGKANG,4 ROOM,271A,SENGKANG CTRL,10 TO 12,93.0,Premium Apartment,2010,480000.0,92
2016-09,SENGKANG,4 ROOM,271A,SENGKANG CTRL,10 TO 12,93.0,Premium Apartment,2010,480000.0,92
2016-12,BUKIT PANJANG,4 ROOM,447,BT PANJANG RING RD,07 TO 09,101.0,Model A,1997,330000.0,79
2016-12,BUKIT PANJANG,4 ROOM,447,BT PANJANG RING RD,07 TO 09,101.0,Model A,1997,330000.0,79
2016-12,TAMPINES,4 ROOM,440,TAMPINES ST 43,10 TO 12,84.0,Simplified,1986,380000.0,68
2016-12,TAMPINES,4 ROOM,440,TAMPINES ST 43,10 TO 12,84.0,Simplified,1986,380000.0,68
2012-03,BUKIT BATOK,3 ROOM,212,BT BATOK ST 21,06 TO 10,67.0,New Generation,1985,341000.0,
2012-03,BUKIT BATOK,3 ROOM,212,BT BATOK ST 21,06 TO 10,67.0,New Generation,1985,341000.0,
2012-04,BUKIT BATOK,3 ROOM,167,BT BATOK WEST AVE 8,01 TO 05,74.0,Model A,1984,333000.0,
2012-04,BUKIT BATOK,3 ROOM,167,BT BATOK WEST AVE 8,01 TO 05,74.0,Model A,1984,333000.0,
2012-04,JURONG EAST,3 ROOM,303,JURONG EAST ST 32,01 TO 05,67.0,New Generation,1983,330000.0,
2012-04,JURONG EAST,3 ROOM,303,JURONG EAST ST 32,01 TO 05,67.0,New Generation,1983,330000.0,
2012-04,WOODLANDS,3 ROOM,15,MARSILING LANE,01 TO 05,65.0,Improved,1976,280000.0,
2012-04,WOODLANDS,3 ROOM,15,MARSILING LANE,01 TO 05,65.0,Improved,1976,280000.0,
2012-04,YISHUN,3 ROOM,740,YISHUN AVE 5,06 TO 10,67.0,New Generation,1985,341000.0,
2012-04,YISHUN,3 ROOM,740,YISHUN AVE 5,06 TO 10,67.0,New Generation,1985,341000.0,
2012-05,JURONG WEST,3 ROOM,914,JURONG WEST ST 91,01 TO 05,73.0,Model A,1988,312000.0,
2012-05,JURONG WEST,3 ROOM,914,JURONG WEST ST 91,01 TO 05,73.0,Model A,1988,312000.0,
2012-06,PUNGGOL,5 ROOM,126D,EDGEDALE PLAINS,01 TO 03,110.0,Improved,2003,510000.0,
2012-06,PUNGGOL,5 ROOM,126D,EDGEDALE PLAINS,01 TO 03,110.0,Improved,2003,510000.0,
2012-07,JURONG EAST,3 ROOM,231,JURONG EAST ST 21,04 TO 06,67.0,New Generation,1981,335000.0,
2012-07,JURONG EAST,3 ROOM,231,JURONG EAST ST 21,04 TO 06,67.0,New Generation,1981,335000.0,
2012-07,JURONG EAST,3 ROOM,110,JURONG EAST ST 13,10 TO 12,68.0,New Generation,1982,360000.0,
2012-07,JURONG EAST,3 ROOM,110,JURONG EAST ST 13,10 TO 12,68.0,New Generation,1982,360000.0,
2012-10,BEDOK,3 ROOM,37,CHAI CHEE AVE,04 TO 06,66.0,Improved,1983,345000.0,
2012-10,BEDOK,3 ROOM,37,CHAI CHEE AVE,04 TO 06,66.0,Improved,1983,345000.0,
2012-10,QUEENSTOWN,3 ROOM,84,C'WEALTH CL,04 TO 06,58.0,Standard,1967,350000.0,
2012-10,QUEENSTOWN,3 ROOM,84,C'WEALTH CL,04 TO 06,58.0,Standard,1967,350000.0,
2013-03,JURONG EAST,3 ROOM,252,JURONG EAST ST 24,01 TO 03,67.0,New Generation,1985,343000.0,
2013-03,JURONG EAST,3 ROOM,252,JURONG EAST ST 24,01 TO 03,67.0,New Generation,1985,343000.0,
2013-04,BUKIT BATOK,3 ROOM,523,BT BATOK ST 52,01 TO 03,60.0,Improved,1987,315000.0,
2013-04,BUKIT BATOK,3 ROOM,523,BT BATOK ST 52,01 TO 03,60.0,Improved,1987,315000.0,
2013-05,TOA PAYOH,3 ROOM,57,LOR 5 TOA PAYOH,01 TO 03,61.0,Standard,1973,320000.0,
2013-05,TOA PAYOH,3 ROOM,57,LOR 5 TOA PAYOH,01 TO 03,61.0,Standard,1973,320000.0,
2013-07,TOA PAYOH,5 ROOM,81,LOR 4 TOA PAYOH,19 TO 21,122.0,Improved,1997,880000.0,
2013-07,TOA PAYOH,5 ROOM,81,LOR 4 TOA PAYOH,19 TO 21,122.0,Improved,1997,880000.0,
2013-08,BEDOK,3 ROOM,77,BEDOK NTH RD,01 TO 03,60.0,Improved,1986,300000.0,
2013-08,BEDOK,3 ROOM,77,BEDOK NTH RD,01 TO 03,60.0,Improved,1986,300000.0,
2013-08,HOUGANG,EXECUTIVE,446,HOUGANG AVE 8,07 TO 09,146.0,Maisonette,1991,720000.0,
2013-08,HOUGANG,EXECUTIVE,446,HOUGANG AVE 8,07 TO 09,146.0,Maisonette,1991,720000.0,
2013-08,TAMPINES,3 ROOM,262,TAMPINES ST 21,04 TO 06,74.0,Model A,1984,388000.0,
2013-08,TAMPINES,3 ROOM,262,TAMPINES ST 21,04 TO 06,74.0,Model A,1984,388000.0,
2013-09,JURONG WEST,3 ROOM,119,HO CHING RD,01 TO 03,67.0,Improved,1972,292000.0,
2013-09,JURONG WEST,3 ROOM,119,HO CHING RD,01 TO 03,67.0,Improved,1972,292000.0,
2013-10,CLEMENTI,3 ROOM,602,CLEMENTI WEST ST 1,10 TO 12,67.0,New Generation,1979,356000.0,
2013-10,CLEMENTI,3 ROOM,602,CLEMENTI WEST ST 1,10 TO 12,67.0,New Generation,1979,356000.0,
2013-10,SENGKANG,4 ROOM,270A,SENGKANG CTRL,13 TO 15,93.0,Premium Apartment,2010,600000.0,
2013-10,SENGKANG,4 ROOM,270A,SENGKANG CTRL,13 TO 15,93.0,Premium Apartment,2010,600000.0,
2013-11,BUKIT MERAH,3 ROOM,26D,JLN MEMBINA,13 TO 15,60.0,Model A,2009,540000.0,
2013-11,BUKIT MERAH,3 ROOM,26D,JLN MEMBINA,13 TO 15,60.0,Model A,2009,540000.0,
2014-01,SEMBAWANG,4 ROOM,486,ADMIRALTY LINK,10 TO 12,90.0,Model A,2004,420000.0,
2014-01,SEMBAWANG,4 ROOM,486,ADMIRALTY LINK,10 TO 12,90.0,Model A,2004,420000.0,
2014-01,TAMPINES,3 ROOM,226,TAMPINES ST 23,10 TO 12,73.0,Model A,1985,385000.0,
2014-01,TAMPINES,3 ROOM,226,TAMPINES ST 23,10 TO 12,73.0,Model A,1985,385000.0,
2014-02,PUNGGOL,5 ROOM,101B,PUNGGOL FIELD,16 TO 18,110.0,Improved,2002,540888.0,
2014-02,PUNGGOL,5 ROOM,101B,PUNGGOL FIELD,16 TO 18,110.0,Improved,2002,540888.0,
2014-02,TAMPINES,4 ROOM,868,TAMPINES ST 83,04 TO 06,104.0,Model A,1989,438000.0,
2014-02,TAMPINES,4 ROOM,868,TAMPINES ST 83,04 TO 06,104.0,Model A,1989,438000.0,
2014-03,BEDOK,3 ROOM,529,BEDOK NTH ST 3,01 TO 03,68.0,New Generation,1979,320000.0,
2014-03,BEDOK,3 ROOM,529,BEDOK NTH ST 3,01 TO 03,68.0,New Generation,1979,320000.0,
2014-03,GEYLANG,4 ROOM,9,EUNOS CRES,01 TO 03,91.0,New Generation,1978,460000.0,
2014-03,GEYLANG,4 ROOM,9,EUNOS CRES,01 TO 03,91.0,New Generation,1978,460000.0,
2014-03,HOUGANG,3 ROOM,240,HOUGANG ST 22,13 TO 15,74.0,Model A,1984,360000.0,
2014-03,HOUGANG,3 ROOM,240,HOUGANG ST 22,13 TO 15,74.0,Model A,1984,360000.0,
2014-03,JURONG WEST,3 ROOM,492,JURONG WEST ST 41,01 TO 03,64.0,Simplified,1986,300000.0,
2014-03,JURONG WEST,3 ROOM,492,JURONG WEST ST 41,01 TO 03,64.0,Simplified,1986,300000.0,
2014-03,KALLANG/WHAMPOA,3 ROOM,98,WHAMPOA DR,01 TO 03,65.0,Improved,1974,318000.0,
2014-03,KALLANG/WHAMPOA,3 ROOM,98,WHAMPOA DR,01 TO 03,65.0,Improved,1974,318000.0,
2014-03,PASIR RIS,5 ROOM,762,PASIR RIS ST 71,01 TO 03,127.0,Improved,1996,530000.0,
2014-03,PASIR RIS,5 ROOM,762,PASIR RIS ST 71,01 TO 03,127.0,Improved,1996,530000.0,
2014-03,PUNGGOL,5 ROOM,134,EDGEDALE PLAINS,04 TO 06,111.0,Premium Apartment,2003,505000.0,
2014-03,PUNGGOL,5 ROOM,134,EDGEDALE PLAINS,04 TO 06,111.0,Premium Apartment,2003,505000.0,
2014-03,SENGKANG,5 ROOM,134,RIVERVALE ST,10 TO 12,121.0,Improved,1999,495000.0,
2014-03,SENGKANG,5 ROOM,134,RIVERVALE ST,10 TO 12,121.0,Improved,1999,495000.0,
2014-03,SENGKANG,5 ROOM,260D,SENGKANG EAST WAY,10 TO 12,110.0,Improved,2001,568000.0,
2014-03,SENGKANG,5 ROOM,260D,SENGKANG EAST WAY,10 TO 12,110.0,Improved,2001,568000.0,
2014-03,SENGKANG,5 ROOM,325A,SENGKANG EAST WAY,13 TO 15,110.0,Improved,2003,570000.0,
2014-03,SENGKANG,5 ROOM,325A,SENGKANG EAST WAY,13 TO 15,110.0,Improved,2003,570000.0,
2014-03,TAMPINES,4 ROOM,351,TAMPINES ST 33,04 TO 06,105.0,Model A,1996,433888.0,
2014-03,TAMPINES,4 ROOM,351,TAMPINES ST 33,04 TO 06,105.0,Model A,1996,433888.0,
2014-03,WOODLANDS,4 ROOM,706,WOODLANDS DR 40,04 TO 06,102.0,Model A,1996,380000.0,
2014-03,WOODLANDS,4 ROOM,706,WOODLANDS DR 40,04 TO 06,102.0,Model A,1996,380000.0,
2014-03,WOODLANDS,4 ROOM,682C,WOODLANDS DR 73,04 TO 06,101.0,Premium Apartment,2000,415000.0,
2014-03,WOODLANDS,4 ROOM,682C,WOODLANDS DR 73,04 TO 06,101.0,Premium Apartment,2000,415000.0,
2014-03,YISHUN,4 ROOM,746,YISHUN ST 72,04 TO 06,93.0,New Generation,1984,454888.0,
2014-03,YISHUN,4 ROOM,746,YISHUN ST 72,04 TO 06,93.0,New Generation,1984,454888.0,
2014-04,ANG MO KIO,3 ROOM,473,ANG MO KIO AVE 10,10 TO 12,67.0,New Generation,1984,345000.0,
2014-04,ANG MO KIO,3 ROOM,535,ANG MO KIO AVE 5,04 TO 06,67.0,New Generation,1980,345000.0,
2014-04,ANG MO KIO,3 ROOM,473,ANG MO KIO AVE 10,10 TO 12,67.0,New Generation,1984,345000.0,
2014-04,ANG MO KIO,3 ROOM,535,ANG MO KIO AVE 5,04 TO 06,67.0,New Generation,1980,345000.0,
2014-04,ANG MO KIO,3 ROOM,215,ANG MO KIO AVE 1,04 TO 06,73.0,New Generation,1976,356000.0,
2014-04,ANG MO KIO,3 ROOM,432,ANG MO KIO AVE 10,10 TO 12,67.0,New Generation,1979,356000.0,
2014-04,ANG MO KIO,3 ROOM,215,ANG MO KIO AVE 1,04 TO 06,73.0,New Generation,1976,356000.0,
2014-04,ANG MO KIO,3 ROOM,432,ANG MO KIO AVE 10,10 TO 12,67.0,New Generation,1979,356000.0,
2014-04,ANG MO KIO,4 ROOM,316A,ANG MO KIO ST 31,10 TO 12,95.0,Model A,2006,580000.0,
2014-04,ANG MO KIO,4 ROOM,316A,ANG MO KIO ST 31,10 TO 12,95.0,Model A,2006,580000.0,
2014-04,ANG MO KIO,5 ROOM,351,ANG MO KIO ST 32,01 TO 03,110.0,Improved,2001,645000.0,
2014-04,ANG MO KIO,5 ROOM,351,ANG MO KIO ST 32,01 TO 03,110.0,Improved,2001,645000.0,
2014-04,BEDOK,3 ROOM,55,CHAI CHEE DR,07 TO 09,75.0,Model A,1984,330000.0,
2014-04,BEDOK,3 ROOM,55,CHAI CHEE DR,07 TO 09,75.0,Model A,1984,330000.0,
2014-04,BEDOK,4 ROOM,58,CHAI CHEE DR,07 TO 09,104.0,Model A,1983,447000.0,
2014-04,BEDOK,4 ROOM,58,CHAI CHEE DR,07 TO 09,104.0,Model A,1983,447000.0,
2014-04,BEDOK,5 ROOM,63,CHAI CHEE RD,07 TO 09,133.0,Model A,1984,535000.0,
2014-04,BEDOK,5 ROOM,63,CHAI CHEE RD,07 TO 09,133.0,Model A,1984,535000.0,
2014-04,BISHAN,3 ROOM,22,SIN MING RD,10 TO 12,68.0,Improved,1973,293000.0,
2014-04,BISHAN,3 ROOM,22,SIN MING RD,10 TO 12,68.0,Improved,1973,293000.0,
2014-04,BUKIT BATOK,3 ROOM,506,BT BATOK ST 52,07 TO 09,60.0,Improved,1987,297000.0,
2014-04,BUKIT BATOK,3 ROOM,506,BT BATOK ST 52,07 TO 09,60.0,Improved,1987,297000.0,
2014-04,BUKIT BATOK,3 ROOM,346,BT BATOK ST 34,07 TO 09,73.0,Model A,1986,336000.0,
2014-04,BUKIT BATOK,3 ROOM,346,BT BATOK ST 34,07 TO 09,73.0,Model A,1986,336000.0,
2014-04,BUKIT MERAH,2 ROOM,2,JLN BT HO SWEE,01 TO 03,34.0,Standard,1971,262000.0,
2014-04,BUKIT MERAH,2 ROOM,2,JLN BT HO SWEE,01 TO 03,34.0,Standard,1971,262000.0,
2014-04,BUKIT MERAH,3 ROOM,28,JLN BT MERAH,01 TO 03,60.0,Standard,1967,333000.0,
2014-04,BUKIT MERAH,3 ROOM,28,JLN BT MERAH,01 TO 03,60.0,Standard,1967,333000.0,
2014-04,BUKIT MERAH,4 ROOM,119C,KIM TIAN RD,07 TO 09,87.0,Model A,2003,620000.0,
2014-04,BUKIT MERAH,4 ROOM,119C,KIM TIAN RD,07 TO 09,87.0,Model A,2003,620000.0,
2014-04,BUKIT MERAH,5 ROOM,1,EVERTON PK,10 TO 12,138.0,Improved,1980,751888.0,
2014-04,BUKIT MERAH,5 ROOM,1,EVERTON PK,10 TO 12,138.0,Improved,1980,751888.0,
2014-04,BUKIT PANJANG,4 ROOM,150,PETIR RD,01 TO 03,103.0,Model A,1988,400000.0,
2014-04,BUKIT PANJANG,4 ROOM,150,PETIR RD,01 TO 03,103.0,Model A,1988,400000.0,
2014-04,BUKIT PANJANG,5 ROOM,272,BANGKIT RD,01 TO 03,128.0,Improved,1988,440000.0,
2014-04,BUKIT PANJANG,5 ROOM,272,BANGKIT RD,01 TO 03,128.0,Improved,1988,440000.0,
2014-04,BUKIT PANJANG,5 ROOM,246,BANGKIT RD,13 TO 15,122.0,Improved,1988,480000.0,
2014-04,BUKIT PANJANG,5 ROOM,246,BANGKIT RD,13 TO 15,122.0,Improved,1988,480000.0,
2014-04,CLEMENTI,3 ROOM,308,CLEMENTI AVE 4,10 TO 12,67.0,New Generation,1980,383000.0,
2014-04,CLEMENTI,3 ROOM,308,CLEMENTI AVE 4,10 TO 12,67.0,New Generation,1980,383000.0,
2014-04,CLEMENTI,3 ROOM,366,CLEMENTI AVE 2,16 TO 18,61.0,Model A,2003,425000.0,
2014-04,CLEMENTI,3 ROOM,366,CLEMENTI AVE 2,16 TO 18,61.0,Model A,2003,425000.0,
2014-04,GEYLANG,3 ROOM,21,BALAM RD,04 TO 06,60.3,Standard,1967,295000.0,
2014-04,GEYLANG,3 ROOM,21,BALAM RD,04 TO 06,60.3,Standard,1967,295000.0,
2014-04,HOUGANG,3 ROOM,694,HOUGANG ST 61,01 TO 03,64.0,Simplified,1987,308000.0,
2014-04,HOUGANG,3 ROOM,694,HOUGANG ST 61,01 TO 03,64.0,Simplified,1987,308000.0,
2014-04,HOUGANG,4 ROOM,532,HOUGANG AVE 6,07 TO 09,84.0,Simplified,1987,400000.0,
2014-04,HOUGANG,4 ROOM,532,HOUGANG AVE 6,07 TO 09,84.0,Simplified,1987,400000.0,
2014-04,HOUGANG,4 ROOM,402,HOUGANG AVE 10,04 TO 06,91.0,New Generation,1985,440000.0,
2014-04,HOUGANG,4 ROOM,402,HOUGANG AVE 10,04 TO 06,91.0,New Generation,1985,440000.0,
2014-04,JURONG WEST,3 ROOM,211,BOON LAY PL,07 TO 09,65.0,Improved,1976,288000.0,
2014-04,JURONG WEST,3 ROOM,211,BOON LAY PL,07 TO 09,65.0,Improved,1976,288000.0,
2014-04,JURONG WEST,3 ROOM,492,JURONG WEST ST 41,04 TO 06,64.0,Simplified,1986,300000.0,
2014-04,JURONG WEST,3 ROOM,492,JURONG WEST ST 41,04 TO 06,64.0,Simplified,1986,300000.0,
2014-04,JURONG WEST,3 ROOM,518,JURONG WEST ST 52,07 TO 09,74.0,Model A,1984,338000.0,
2014-04,JURONG WEST,3 ROOM,518,JURONG WEST ST 52,07 TO 09,74.0,Model A,1984,338000.0,
2014-04,JURONG WEST,4 ROOM,417,JURONG WEST ST 42,04 TO 06,84.0,Simplified,1985,350000.0,
2014-04,JURONG WEST,4 ROOM,417,JURONG WEST ST 42,04 TO 06,84.0,Simplified,1985,350000.0,
2014-04,JURONG WEST,4 ROOM,902,JURONG WEST ST 91,01 TO 03,104.0,Model A,1988,400000.0,
2014-04,JURONG WEST,4 ROOM,902,JURONG WEST ST 91,01 TO 03,104.0,Model A,1988,400000.0,
2014-04,JURONG WEST,5 ROOM,653C,JURONG WEST ST 61,04 TO 06,110.0,Improved,2002,474500.0,
2014-04,JURONG WEST,5 ROOM,653C,JURONG WEST ST 61,04 TO 06,110.0,Improved,2002,474500.0,
2014-04,JURONG WEST,5 ROOM,652B,JURONG WEST ST 61,07 TO 09,110.0,Improved,2002,510000.0,
2014-04,JURONG WEST,5 ROOM,652B,JURONG WEST ST 61,07 TO 09,110.0,Improved,2002,510000.0,
2014-04,KALLANG/WHAMPOA,3 ROOM,86,WHAMPOA DR,10 TO 12,66.0,Improved,1974,305000.0,
2014-04,KALLANG/WHAMPOA,3 ROOM,86,WHAMPOA DR,10 TO 12,66.0,Improved,1974,305000.0,
2014-04,KALLANG/WHAMPOA,3 ROOM,5,ST. GEORGE'S LANE,01 TO 03,68.0,New Generation,1981,358000.0,
2014-04,KALLANG/WHAMPOA,3 ROOM,5,ST. GEORGE'S LANE,01 TO 03,68.0,New Generation,1981,358000.0,
2014-04,KALLANG/WHAMPOA,3 ROOM,123,MCNAIR RD,04 TO 06,64.0,Simplified,1987,366000.0,
2014-04,KALLANG/WHAMPOA,3 ROOM,123,MCNAIR RD,04 TO 06,64.0,Simplified,1987,366000.0,
2014-04,MARINE PARADE,3 ROOM,30,MARINE CRES,13 TO 15,65.0,Improved,1975,420000.0,
2014-04,MARINE PARADE,3 ROOM,30,MARINE CRES,13 TO 15,65.0,Improved,1975,420000.0,
2014-04,PASIR RIS,4 ROOM,117,PASIR RIS ST 11,01 TO 03,106.0,Model A,1990,405000.0,
2014-04,PASIR RIS,4 ROOM,117,PASIR RIS ST 11,01 TO 03,106.0,Model A,1990,405000.0,
2014-04,PUNGGOL,5 ROOM,101B,PUNGGOL FIELD,04 TO 06,110.0,Improved,2002,498000.0,
2014-04,PUNGGOL,5 ROOM,101B,PUNGGOL FIELD,04 TO 06,110.0,Improved,2002,498000.0,
2014-04,PUNGGOL,5 ROOM,197A,PUNGGOL FIELD,04 TO 06,110.0,Improved,2003,500000.0,
2014-04,PUNGGOL,5 ROOM,197A,PUNGGOL FIELD,04 TO 06,110.0,Improved,2003,500000.0,
2014-04,QUEENSTOWN,2 ROOM,35,TANGLIN HALT RD,10 TO 12,46.0,Standard,1973,274000.0,
2014-04,QUEENSTOWN,2 ROOM,35,TANGLIN HALT RD,10 TO 12,46.0,Standard,1973,274000.0,
2014-04,QUEENSTOWN,3 ROOM,170,STIRLING RD,13 TO 15,60.0,Improved,1970,357000.0,
2014-04,QUEENSTOWN,3 ROOM,170,STIRLING RD,13 TO 15,60.0,Improved,1970,357000.0,
2014-04,QUEENSTOWN,3 ROOM,23A,QUEEN'S CL,16 TO 18,76.0,Improved,1973,420000.0,
2014-04,QUEENSTOWN,3 ROOM,23A,QUEEN'S CL,16 TO 18,76.0,Improved,1973,420000.0,
2014-04,QUEENSTOWN,4 ROOM,43,TANGLIN HALT RD,04 TO 06,129.0,Adjoined flat,1971,605000.0,
2014-04,QUEENSTOWN,4 ROOM,43,TANGLIN HALT RD,04 TO 06,129.0,Adjoined flat,1971,605000.0,
2014-04,SEMBAWANG,5 ROOM,501B,WELLINGTON CIRCLE,07 TO 09,111.0,Improved,2001,470000.0,
2014-04,SEMBAWANG,5 ROOM,501B,WELLINGTON CIRCLE,07 TO 09,111.0,Improved,2001,470000.0,
2014-04,SEMBAWANG,5 ROOM,350A,CANBERRA RD,04 TO 06,110.0,Improved,2001,490000.0,
2014-04,SEMBAWANG,5 ROOM,350A,CANBERRA RD,04 TO 06,110.0,Improved,2001,490000.0,
2014-04,SENGKANG,4 ROOM,260B,SENGKANG EAST WAY,01 TO 03,90.0,Model A,2001,425000.0,
2014-04,SENGKANG,4 ROOM,260B,SENGKANG EAST WAY,01 TO 03,90.0,Model A,2001,425000.0,
2014-04,SENGKANG,5 ROOM,158B,RIVERVALE CRES,04 TO 06,110.0,Premium Apartment,2003,472500.0,
2014-04,SENGKANG,5 ROOM,158B,RIVERVALE CRES,04 TO 06,110.0,Premium Apartment,2003,472500.0,
2014-04,SENGKANG,5 ROOM,115,RIVERVALE WALK,07 TO 09,120.0,Improved,1998,485000.0,
2014-04,SENGKANG,5 ROOM,115,RIVERVALE WALK,07 TO 09,120.0,Improved,1998,485000.0,
2014-04,SENGKANG,4 ROOM,272C,SENGKANG CTRL,13 TO 15,90.0,Premium Apartment,2009,565000.0,
2014-04,SENGKANG,4 ROOM,272C,SENGKANG CTRL,13 TO 15,90.0,Premium Apartment,2009,565000.0,
2014-04,SERANGOON,3 ROOM,2,LOR LEW LIAN,04 TO 06,64.0,Improved,1983,335000.0,
2014-04,SERANGOON,3 ROOM,2,LOR LEW LIAN,04 TO 06,64.0,Improved,1983,335000.0,
2014-04,SERANGOON,3 ROOM,223,SERANGOON AVE 4,04 TO 06,71.0,New Generation,1984,355000.0,
2014-04,SERANGOON,3 ROOM,223,SERANGOON AVE 4,04 TO 06,71.0,New Generation,1984,355000.0,
2014-04,SERANGOON,4 ROOM,144,SERANGOON NTH AVE 1,01 TO 03,103.0,Model A,1987,408000.0,
2014-04,SERANGOON,4 ROOM,144,SERANGOON NTH AVE 1,01 TO 03,103.0,Model A,1987,408000.0,
2014-04,TAMPINES,3 ROOM,259,TAMPINES ST 21,01 TO 03,78.0,Model A,1985,370000.0,
2014-04,TAMPINES,3 ROOM,827,TAMPINES ST 81,04 TO 06,83.0,New Generation,1987,370000.0,
2014-04,TAMPINES,3 ROOM,259,TAMPINES ST 21,01 TO 03,78.0,Model A,1985,370000.0,
2014-04,TAMPINES,3 ROOM,827,TAMPINES ST 81,04 TO 06,83.0,New Generation,1987,370000.0,
2014-04,TAMPINES,5 ROOM,843,TAMPINES ST 83,07 TO 09,122.0,Improved,1988,500000.0,
2014-04,TAMPINES,5 ROOM,843,TAMPINES ST 83,07 TO 09,122.0,Improved,1988,500000.0,
2014-04,WOODLANDS,4 ROOM,757,WOODLANDS AVE 4,01 TO 03,103.0,Model A,1997,372000.0,
2014-04,WOODLANDS,4 ROOM,757,WOODLANDS AVE 4,01 TO 03,103.0,Model A,1997,372000.0,
2014-04,WOODLANDS,4 ROOM,662,WOODLANDS RING RD,10 TO 12,101.0,Model A,1998,380000.0,
2014-04,WOODLANDS,4 ROOM,662,WOODLANDS RING RD,10 TO 12,101.0,Model A,1998,380000.0,
2014-04,WOODLANDS,5 ROOM,10,MARSILING DR,10 TO 12,126.0,Standard,1976,418000.0,
2014-04,WOODLANDS,5 ROOM,10,MARSILING DR,10 TO 12,126.0,Standard,1976,418000.0,
2014-04,WOODLANDS,5 ROOM,686B,WOODLANDS DR 73,13 TO 15,113.0,Premium Apartment,2003,470888.0,
2014-04,WOODLANDS,5 ROOM,686B,WOODLANDS DR 73,13 TO 15,113.0,Premium Apartment,2003,470888.0,
2014-04,WOODLANDS,5 ROOM,881,WOODLANDS ST 82,07 TO 09,121.0,Improved,1996,480000.0,
2014-04,WOODLANDS,5 ROOM,881,WOODLANDS ST 82,07 TO 09,121.0,Improved,1996,480000.0,
2014-04,WOODLANDS,EXECUTIVE,636,WOODLANDS RING RD,10 TO 12,141.0,Apartment,1999,602000.0,
2014-04,WOODLANDS,EXECUTIVE,636,WOODLANDS RING RD,10 TO 12,141.0,Apartment,1999,602000.0,
2014-04,YISHUN,3 ROOM,219,YISHUN ST 21,07 TO 09,68.0,New Generation,1985,316000.0,
2014-04,YISHUN,3 ROOM,219,YISHUN ST 21,07 TO 09,68.0,New Generation,1985,316000.0,
2014-04,YISHUN,3 ROOM,117,YISHUN RING RD,04 TO 06,77.0,Model A,1983,325000.0,
2014-04,YISHUN,3 ROOM,117,YISHUN RING RD,04 TO 06,77.0,Model A,1983,325000.0,
2014-04,YISHUN,4 ROOM,389,YISHUN AVE 6,10 TO 12,84.0,Simplified,1988,333000.0,
2014-04,YISHUN,4 ROOM,389,YISHUN AVE 6,10 TO 12,84.0,Simplified,1988,333000.0,
2014-04,YISHUN,4 ROOM,790,YISHUN AVE 2,04 TO 06,103.0,Model A,1987,435000.0,
2014-04,YISHUN,4 ROOM,790,YISHUN AVE 2,04 TO 06,103.0,Model A,1987,435000.0,
2014-05,ANG MO KIO,3 ROOM,556,ANG MO KIO AVE 10,01 TO 03,68.0,New Generation,1980,300000.0,
2014-05,ANG MO KIO,3 ROOM,556,ANG MO KIO AVE 10,01 TO 03,68.0,New Generation,1980,300000.0,
2014-05,ANG MO KIO,3 ROOM,417,ANG MO KIO AVE 10,07 TO 09,74.0,New Generation,1979,368000.0,
2014-05,ANG MO KIO,3 ROOM,417,ANG MO KIO AVE 10,07 TO 09,74.0,New Generation,1979,368000.0,
2014-05,ANG MO KIO,3 ROOM,302,ANG MO KIO AVE 3,07 TO 09,73.0,New Generation,1978,375000.0,
2014-05,ANG MO KIO,3 ROOM,302,ANG MO KIO AVE 3,07 TO 09,73.0,New Generation,1978,375000.0,
2014-05,ANG MO KIO,3 ROOM,608,ANG MO KIO AVE 5,01 TO 03,81.0,New Generation,1980,380000.0,
2014-05,ANG MO KIO,3 ROOM,608,ANG MO KIO AVE 5,01 TO 03,81.0,New Generation,1980,380000.0,
2014-05,ANG MO KIO,3 ROOM,533,ANG MO KIO AVE 5,10 TO 12,82.0,New Generation,1980,390000.0,
2014-05,ANG MO KIO,3 ROOM,533,ANG MO KIO AVE 5,10 TO 12,82.0,New Generation,1980,390000.0,
2014-05,ANG MO KIO,3 ROOM,126,ANG MO KIO AVE 3,04 TO 06,82.0,New Generation,1978,401888.0,
2014-05,ANG MO KIO,3 ROOM,126,ANG MO KIO AVE 3,04 TO 06,82.0,New Generation,1978,401888.0,
2014-05,ANG MO KIO,4 ROOM,596C,ANG MO KIO ST 52,19 TO 21,91.0,Model A,2002,613000.0,
2014-05,ANG MO KIO,4 ROOM,596C,ANG MO KIO ST 52,19 TO 21,91.0,Model A,2002,613000.0,
2014-05,BEDOK,3 ROOM,503,BEDOK NTH ST 3,07 TO 09,59.0,Improved,1978,309000.0,
2014-05,BEDOK,3 ROOM,503,BEDOK NTH ST 3,07 TO 09,59.0,Improved,1978,309000.0,
2014-05,BEDOK,3 ROOM,534,BEDOK NTH ST 3,10 TO 12,69.0,Improved,1986,319000.0,
2014-05,BEDOK,3 ROOM,534,BEDOK NTH ST 3,10 TO 12,69.0,Improved,1986,319000.0,
2014-05,BEDOK,3 ROOM,534,BEDOK NTH ST 3,07 TO 09,69.0,Improved,1986,330000.0,
2014-05,BEDOK,3 ROOM,534,BEDOK NTH ST 3,07 TO 09,69.0,Improved,1986,330000.0,
2014-05,BEDOK,3 ROOM,138,BEDOK NTH ST 2,04 TO 06,67.0,New Generation,1978,340000.0,
2014-05,BEDOK,3 ROOM,138,BEDOK NTH ST 2,04 TO 06,67.0,New Generation,1978,340000.0,
2014-05,BEDOK,3 ROOM,418,BEDOK NTH AVE 2,04 TO 06,67.0,New Generation,1978,344000.0,
2014-05,BEDOK,3 ROOM,418,BEDOK NTH AVE 2,04 TO 06,67.0,New Generation,1978,344000.0,
2014-05,BEDOK,4 ROOM,148,BEDOK RESERVOIR RD,07 TO 09,84.0,Simplified,1987,405000.0,
2014-05,BEDOK,4 ROOM,148,BEDOK RESERVOIR RD,07 TO 09,84.0,Simplified,1987,405000.0,
2014-05,BEDOK,4 ROOM,402,BEDOK NTH AVE 3,10 TO 12,92.0,New Generation,1979,460000.0,
2014-05,BEDOK,4 ROOM,402,BEDOK NTH AVE 3,10 TO 12,92.0,New Generation,1979,460000.0,
2014-05,BEDOK,4 ROOM,180,BEDOK NTH RD,19 TO 21,92.0,Model A,2006,568000.0,
2014-05,BEDOK,4 ROOM,180,BEDOK NTH RD,19 TO 21,92.0,Model A,2006,568000.0,
2014-05,BEDOK,5 ROOM,645,JLN TENAGA,07 TO 09,122.0,Improved,1993,575000.0,
2014-05,BEDOK,5 ROOM,645,JLN TENAGA,07 TO 09,122.0,Improved,1993,575000.0,
2014-05,BEDOK,5 ROOM,516,BEDOK NTH AVE 2,10 TO 12,119.0,Improved,1979,615000.0,
2014-05,BEDOK,5 ROOM,516,BEDOK NTH AVE 2,10 TO 12,119.0,Improved,1979,615000.0,
2014-05,BEDOK,EXECUTIVE,661,JLN DAMAI,04 TO 06,145.0,Apartment,1996,620000.0,
2014-05,BEDOK,EXECUTIVE,661,JLN DAMAI,04 TO 06,145.0,Apartment,1996,620000.0,
2014-05,BISHAN,4 ROOM,113,BISHAN ST 12,04 TO 06,84.0,Simplified,1986,472000.0,
2014-05,BISHAN,4 ROOM,113,BISHAN ST 12,04 TO 06,84.0,Simplified,1986,472000.0,
2014-05,BISHAN,5 ROOM,262,BISHAN ST 22,07 TO 09,133.0,Model A,1992,720000.0,
2014-05,BISHAN,5 ROOM,262,BISHAN ST 22,07 TO 09,133.0,Model A,1992,720000.0,
2014-05,BUKIT BATOK,3 ROOM,131,BT BATOK WEST AVE 6,04 TO 06,73.0,Model A,1984,335000.0,
2014-05,BUKIT BATOK,3 ROOM,131,BT BATOK WEST AVE 6,04 TO 06,73.0,Model A,1984,335000.0,
2014-05,BUKIT MERAH,2 ROOM,28,HOY FATT RD,07 TO 09,47.0,Standard,1967,280000.0,
2014-05,BUKIT MERAH,2 ROOM,28,HOY FATT RD,07 TO 09,47.0,Standard,1967,280000.0,
2014-05,BUKIT MERAH,2 ROOM,24,BEO CRES,07 TO 09,48.0,Standard,1971,315000.0,
2014-05,BUKIT MERAH,2 ROOM,24,BEO CRES,07 TO 09,48.0,Standard,1971,315000.0,
2014-05,BUKIT MERAH,3 ROOM,130,BT MERAH VIEW,13 TO 15,65.0,Improved,1973,406800.0,
2014-05,BUKIT MERAH,3 ROOM,130,BT MERAH VIEW,13 TO 15,65.0,Improved,1973,406800.0,
2014-05,BUKIT MERAH,4 ROOM,75B,REDHILL RD,13 TO 15,100.0,Model A,2005,720000.0,
2014-05,BUKIT MERAH,4 ROOM,75B,REDHILL RD,13 TO 15,100.0,Model A,2005,720000.0,
2014-05,BUKIT PANJANG,4 ROOM,125,PENDING RD,04 TO 06,103.0,Model A,1987,375000.0,
2014-05,BUKIT PANJANG,4 ROOM,125,PENDING RD,04 TO 06,103.0,Model A,1987,375000.0,
2014-05,BUKIT PANJANG,4 ROOM,611,BT PANJANG RING RD,10 TO 12,90.0,Model A,2002,392000.0,
2014-05,BUKIT PANJANG,4 ROOM,611,BT PANJANG RING RD,10 TO 12,90.0,Model A,2002,392000.0,
2014-05,BUKIT PANJANG,5 ROOM,471,SEGAR RD,01 TO 03,110.0,Premium Apartment,2002,430000.0,
2014-05,BUKIT PANJANG,5 ROOM,471,SEGAR RD,01 TO 03,110.0,Premium Apartment,2002,430000.0,
2014-05,BUKIT PANJANG,4 ROOM,625,SENJA RD,19 TO 21,90.0,Premium Apartment,2004,465000.0,
2014-05,BUKIT PANJANG,4 ROOM,625,SENJA RD,19 TO 21,90.0,Premium Apartment,2004,465000.0,
2014-05,BUKIT PANJANG,5 ROOM,627,SENJA RD,04 TO 06,110.0,Premium Apartment,2004,495000.0,
2014-05,BUKIT PANJANG,5 ROOM,627,SENJA RD,04 TO 06,110.0,Premium Apartment,2004,495000.0,
2014-05,CHOA CHU KANG,4 ROOM,562,CHOA CHU KANG ST 52,01 TO 03,109.0,Model A,1995,380000.0,
2014-05,CHOA CHU KANG,4 ROOM,562,CHOA CHU KANG ST 52,01 TO 03,109.0,Model A,1995,380000.0,
2014-05,CHOA CHU KANG,4 ROOM,402,CHOA CHU KANG AVE 3,04 TO 06,105.0,Model A,1993,385000.0,
2014-05,CHOA CHU KANG,4 ROOM,402,CHOA CHU KANG AVE 3,04 TO 06,105.0,Model A,1993,385000.0,
2014-05,CHOA CHU KANG,4 ROOM,677,CHOA CHU KANG CRES,04 TO 06,105.0,Premium Apartment,1999,410000.0,
2014-05,CHOA CHU KANG,4 ROOM,626,CHOA CHU KANG ST 62,07 TO 09,100.0,Model A,1997,410000.0,
2014-05,CHOA CHU KANG,4 ROOM,677,CHOA CHU KANG CRES,04 TO 06,105.0,Premium Apartment,1999,410000.0,
2014-05,CHOA CHU KANG,4 ROOM,626,CHOA CHU KANG ST 62,07 TO 09,100.0,Model A,1997,410000.0,
2014-05,CHOA CHU KANG,4 ROOM,484B,CHOA CHU KANG AVE 5,13 TO 15,101.0,Model A,1999,420000.0,
2014-05,CHOA CHU KANG,4 ROOM,484B,CHOA CHU KANG AVE 5,13 TO 15,101.0,Model A,1999,420000.0,
2014-05,CLEMENTI,3 ROOM,515,WEST COAST RD,04 TO 06,68.0,New Generation,1980,310000.0,
2014-05,CLEMENTI,3 ROOM,515,WEST COAST RD,04 TO 06,68.0,New Generation,1980,310000.0,
2014-05,CLEMENTI,3 ROOM,345,CLEMENTI AVE 5,10 TO 12,67.0,New Generation,1979,377000.0,
2014-05,CLEMENTI,3 ROOM,345,CLEMENTI AVE 5,10 TO 12,67.0,New Generation,1979,377000.0,
2014-05,GEYLANG,3 ROOM,3,HAIG RD,01 TO 03,65.0,Improved,1976,320000.0,
2014-05,GEYLANG,3 ROOM,3,HAIG RD,01 TO 03,65.0,Improved,1976,320000.0,
2014-05,GEYLANG,5 ROOM,22,EUNOS CRES,10 TO 12,123.0,Standard,1977,550000.0,
2014-05,GEYLANG,5 ROOM,22,EUNOS CRES,10 TO 12,123.0,Standard,1977,550000.0,
2014-05,GEYLANG,4 ROOM,1,PINE CL,07 TO 09,95.0,Model A,2000,590000.0,
2014-05,GEYLANG,4 ROOM,1,PINE CL,07 TO 09,95.0,Model A,2000,590000.0,
2014-05,GEYLANG,4 ROOM,35,EUNOS CRES,16 TO 18,85.0,Model A,2006,668000.0,
2014-05,GEYLANG,4 ROOM,35,EUNOS CRES,16 TO 18,85.0,Model A,2006,668000.0,
2014-05,HOUGANG,3 ROOM,311,HOUGANG AVE 5,04 TO 06,68.0,New Generation,1983,305000.0,
2014-05,HOUGANG,3 ROOM,311,HOUGANG AVE 5,04 TO 06,68.0,New Generation,1983,305000.0,
2014-05,HOUGANG,3 ROOM,629,HOUGANG AVE 8,07 TO 09,64.0,Simplified,1986,310000.0,
2014-05,HOUGANG,3 ROOM,629,HOUGANG AVE 8,07 TO 09,64.0,Simplified,1986,310000.0,
2014-05,HOUGANG,3 ROOM,511,HOUGANG AVE 10,04 TO 06,64.0,Simplified,1986,325000.0,
2014-05,HOUGANG,3 ROOM,511,HOUGANG AVE 10,04 TO 06,64.0,Simplified,1986,325000.0,
2014-05,HOUGANG,4 ROOM,553,HOUGANG ST 51,04 TO 06,104.0,Model A,1989,414000.0,
2014-05,HOUGANG,4 ROOM,553,HOUGANG ST 51,04 TO 06,104.0,Model A,1989,414000.0,
2014-05,JURONG EAST,4 ROOM,315,JURONG EAST ST 32,10 TO 12,103.0,Model A,1984,460000.0,
2014-05,JURONG EAST,4 ROOM,315,JURONG EAST ST 32,10 TO 12,103.0,Model A,1984,460000.0,
2014-05,JURONG EAST,5 ROOM,230,JURONG EAST ST 21,16 TO 18,120.0,Improved,1981,620000.0,
2014-05,JURONG EAST,5 ROOM,230,JURONG EAST ST 21,16 TO 18,120.0,Improved,1981,620000.0,
2014-05,JURONG EAST,5 ROOM,116,JURONG EAST ST 13,16 TO 18,120.0,Improved,1981,635000.0,
2014-05,JURONG EAST,5 ROOM,116,JURONG EAST ST 13,16 TO 18,120.0,Improved,1981,635000.0,
2014-05,JURONG WEST,3 ROOM,174,BOON LAY DR,07 TO 09,59.0,Improved,1978,280000.0,
2014-05,JURONG WEST,3 ROOM,174,BOON LAY DR,07 TO 09,59.0,Improved,1978,280000.0,
2014-05,JURONG WEST,3 ROOM,456,JURONG WEST ST 41,04 TO 06,67.0,New Generation,1985,330000.0,
2014-05,JURONG WEST,3 ROOM,489,JURONG WEST AVE 1,04 TO 06,73.0,Model A,1984,330000.0,
2014-05,JURONG WEST,3 ROOM,489,JURONG WEST AVE 1,04 TO 06,73.0,Model A,1984,330000.0,
2014-05,JURONG WEST,3 ROOM,456,JURONG WEST ST 41,04 TO 06,67.0,New Generation,1985,330000.0,
2014-05,JURONG WEST,4 ROOM,724,JURONG WEST ST 72,10 TO 12,104.0,Model A,1990,377000.0,
2014-05,JURONG WEST,4 ROOM,724,JURONG WEST ST 72,10 TO 12,104.0,Model A,1990,377000.0,
2014-05,JURONG WEST,4 ROOM,909,JURONG WEST ST 91,04 TO 06,104.0,Model A,1989,380000.0,
2014-05,JURONG WEST,4 ROOM,909,JURONG WEST ST 91,04 TO 06,104.0,Model A,1989,380000.0,
2014-05,JURONG WEST,4 ROOM,663A,JURONG WEST ST 65,01 TO 03,90.0,Model A,2000,400000.0,
2014-05,JURONG WEST,4 ROOM,663A,JURONG WEST ST 65,01 TO 03,90.0,Model A,2000,400000.0,
2014-05,JURONG WEST,4 ROOM,651B,JURONG WEST ST 61,04 TO 06,91.0,Model A,2002,428000.0,
2014-05,JURONG WEST,4 ROOM,651B,JURONG WEST ST 61,04 TO 06,91.0,Model A,2002,428000.0,
2014-05,JURONG WEST,5 ROOM,840,JURONG WEST ST 81,07 TO 09,127.0,Improved,1993,439000.0,
2014-05,JURONG WEST,5 ROOM,840,JURONG WEST ST 81,07 TO 09,127.0,Improved,1993,439000.0,
2014-05,JURONG WEST,4 ROOM,612,JURONG WEST ST 65,07 TO 09,95.0,Premium Apartment,2001,441000.0,
2014-05,JURONG WEST,4 ROOM,612,JURONG WEST ST 65,07 TO 09,95.0,Premium Apartment,2001,441000.0,
2014-05,JURONG WEST,5 ROOM,271A,JURONG WEST ST 24,16 TO 18,113.0,Premium Apartment,2003,442000.0,
2014-05,JURONG WEST,5 ROOM,271A,JURONG WEST ST 24,16 TO 18,113.0,Premium Apartment,2003,442000.0,
2014-05,JURONG WEST,5 ROOM,678D,JURONG WEST ST 64,07 TO 09,110.0,Premium Apartment,2008,452000.0,
2014-05,JURONG WEST,5 ROOM,678D,JURONG WEST ST 64,07 TO 09,110.0,Premium Apartment,2008,452000.0,
2014-05,JURONG WEST,5 ROOM,987B,JURONG WEST ST 93,13 TO 15,110.0,Premium Apartment,2008,530000.0,
2014-05,JURONG WEST,5 ROOM,987B,JURONG WEST ST 93,13 TO 15,110.0,Premium Apartment,2008,530000.0,
2014-05,KALLANG/WHAMPOA,3 ROOM,82,WHAMPOA DR,01 TO 03,66.0,Improved,1974,310000.0,
2014-05,KALLANG/WHAMPOA,3 ROOM,82,WHAMPOA DR,01 TO 03,66.0,Improved,1974,310000.0,
2014-05,KALLANG/WHAMPOA,3 ROOM,463,CRAWFORD LANE,04 TO 06,60.0,Improved,1982,400000.0,
2014-05,KALLANG/WHAMPOA,3 ROOM,463,CRAWFORD LANE,04 TO 06,60.0,Improved,1982,400000.0,
2014-05,KALLANG/WHAMPOA,3 ROOM,105,TOWNER RD,07 TO 09,74.0,Model A,1984,440000.0,
2014-05,KALLANG/WHAMPOA,3 ROOM,105,TOWNER RD,07 TO 09,74.0,Model A,1984,440000.0,
2014-05,MARINE PARADE,3 ROOM,5,MARINE TER,01 TO 03,65.0,Improved,1975,390000.0,
2014-05,MARINE PARADE,3 ROOM,5,MARINE TER,01 TO 03,65.0,Improved,1975,390000.0,
2014-05,MARINE PARADE,4 ROOM,18,MARINE TER,04 TO 06,88.0,Improved,1975,545000.0,
2014-05,MARINE PARADE,4 ROOM,18,MARINE TER,04 TO 06,88.0,Improved,1975,545000.0,
2014-05,PASIR RIS,4 ROOM,142,PASIR RIS ST 11,04 TO 06,108.0,Model A,1994,404000.0,
2014-05,PASIR RIS,4 ROOM,142,PASIR RIS ST 11,04 TO 06,108.0,Model A,1994,404000.0,
2014-05,PASIR RIS,4 ROOM,473,PASIR RIS DR 6,04 TO 06,103.0,Model A,1989,410000.0,
2014-05,PASIR RIS,4 ROOM,473,PASIR RIS DR 6,04 TO 06,103.0,Model A,1989,410000.0,
2014-05,PASIR RIS,EXECUTIVE,457,PASIR RIS DR 4,04 TO 06,142.0,Apartment,1992,600000.0,
2014-05,PASIR RIS,EXECUTIVE,457,PASIR RIS DR 4,04 TO 06,142.0,Apartment,1992,600000.0,
2014-05,PASIR RIS,EXECUTIVE,715,PASIR RIS ST 72,04 TO 06,148.0,Apartment,1996,640000.0,
2014-05,PASIR RIS,EXECUTIVE,715,PASIR RIS ST 72,04 TO 06,148.0,Apartment,1996,640000.0,
2014-05,PUNGGOL,4 ROOM,133,EDGEDALE PLAINS,04 TO 06,91.0,Premium Apartment,2003,385000.0,
2014-05,PUNGGOL,4 ROOM,133,EDGEDALE PLAINS,04 TO 06,91.0,Premium Apartment,2003,385000.0,
2014-05,PUNGGOL,4 ROOM,649,PUNGGOL CTRL,04 TO 06,90.0,Premium Apartment,2005,452000.0,
2014-05,PUNGGOL,4 ROOM,649,PUNGGOL CTRL,04 TO 06,90.0,Premium Apartment,2005,452000.0,
2014-05,PUNGGOL,5 ROOM,293,PUNGGOL CTRL,07 TO 09,110.0,Premium Apartment,2003,543000.0,
2014-05,PUNGGOL,5 ROOM,293,PUNGGOL CTRL,07 TO 09,110.0,Premium Apartment,2003,543000.0,
2014-05,QUEENSTOWN,3 ROOM,55,C'WEALTH DR,10 TO 12,56.0,Standard,1970,328000.0,
2014-05,QUEENSTOWN,3 ROOM,55,C'WEALTH DR,10 TO 12,56.0,Standard,1970,328000.0,
2014-05,QUEENSTOWN,3 ROOM,2,GHIM MOH RD,04 TO 06,65.0,Improved,1976,395000.0,
2014-05,QUEENSTOWN,3 ROOM,2,GHIM MOH RD,04 TO 06,65.0,Improved,1976,395000.0,
2014-05,QUEENSTOWN,4 ROOM,89,TANGLIN HALT RD,07 TO 09,90.0,Model A,2008,690000.0,
2014-05,QUEENSTOWN,4 ROOM,89,TANGLIN HALT RD,07 TO 09,90.0,Model A,2008,690000.0,
2014-05,QUEENSTOWN,4 ROOM,28A,DOVER CRES,25 TO 27,95.0,Model A,2012,721000.0,
2014-05,QUEENSTOWN,4 ROOM,28A,DOVER CRES,25 TO 27,95.0,Model A,2012,721000.0,
2014-05,SEMBAWANG,4 ROOM,321,SEMBAWANG CL,07 TO 09,101.0,Model A,1999,400000.0,
2014-05,SEMBAWANG,4 ROOM,321,SEMBAWANG CL,07 TO 09,101.0,Model A,1999,400000.0,
2014-05,SEMBAWANG,5 ROOM,411,SEMBAWANG DR,13 TO 15,110.0,Improved,2001,430000.0,
2014-05,SEMBAWANG,5 ROOM,411,SEMBAWANG DR,13 TO 15,110.0,Improved,2001,430000.0,
2014-05,SEMBAWANG,5 ROOM,475,SEMBAWANG DR,10 TO 12,110.0,Improved,2000,430000.0,
2014-05,SEMBAWANG,5 ROOM,475,SEMBAWANG DR,10 TO 12,110.0,Improved,2000,430000.0,
2014-05,SEMBAWANG,5 ROOM,486,ADMIRALTY LINK,07 TO 09,110.0,Improved,2004,470000.0,
2014-05,SEMBAWANG,5 ROOM,486,ADMIRALTY LINK,07 TO 09,110.0,Improved,2004,470000.0,
2014-05,SENGKANG,4 ROOM,303B,ANCHORVALE LINK,07 TO 09,85.0,Model A2,2001,391600.0,
2014-05,SENGKANG,4 ROOM,303B,ANCHORVALE LINK,07 TO 09,85.0,Model A2,2001,391600.0,
2014-05,SENGKANG,4 ROOM,407B,FERNVALE RD,04 TO 06,91.0,Premium Apartment,2005,395000.0,
2014-05,SENGKANG,4 ROOM,407B,FERNVALE RD,04 TO 06,91.0,Premium Apartment,2005,395000.0,
2014-05,SENGKANG,4 ROOM,291B,COMPASSVALE ST,07 TO 09,90.0,Model A,2002,410000.0,
2014-05,SENGKANG,4 ROOM,291B,COMPASSVALE ST,07 TO 09,90.0,Model A,2002,410000.0,
2014-05,SENGKANG,4 ROOM,235,COMPASSVALE WALK,04 TO 06,101.0,Model A,1999,448000.0,
2014-05,SENGKANG,4 ROOM,235,COMPASSVALE WALK,04 TO 06,101.0,Model A,1999,448000.0,
2014-05,SENGKANG,5 ROOM,113,RIVERVALE WALK,10 TO 12,122.0,Improved,1998,510000.0,
2014-05,SENGKANG,5 ROOM,113,RIVERVALE WALK,10 TO 12,122.0,Improved,1998,510000.0,
2014-05,SENGKANG,5 ROOM,258A,COMPASSVALE RD,07 TO 09,110.0,Improved,2001,550000.0,
2014-05,SENGKANG,5 ROOM,258A,COMPASSVALE RD,07 TO 09,110.0,Improved,2001,550000.0,
2014-05,SERANGOON,3 ROOM,221,SERANGOON AVE 4,01 TO 03,67.0,New Generation,1984,345000.0,
2014-05,SERANGOON,3 ROOM,221,SERANGOON AVE 4,01 TO 03,67.0,New Generation,1984,345000.0,
2014-05,SERANGOON,5 ROOM,116,SERANGOON NTH AVE 1,04 TO 06,121.0,Improved,1986,468000.0,
2014-05,SERANGOON,5 ROOM,116,SERANGOON NTH AVE 1,04 TO 06,121.0,Improved,1986,468000.0,
2014-05,SERANGOON,4 ROOM,211,SERANGOON AVE 4,01 TO 03,92.0,New Generation,1985,485000.0,
2014-05,SERANGOON,4 ROOM,211,SERANGOON AVE 4,01 TO 03,92.0,New Generation,1985,485000.0,
2014-05,SERANGOON,4 ROOM,408,SERANGOON AVE 1,01 TO 03,111.0,Model A,1989,560000.0,
2014-05,SERANGOON,4 ROOM,408,SERANGOON AVE 1,01 TO 03,111.0,Model A,1989,560000.0,
2014-05,TAMPINES,3 ROOM,110,TAMPINES ST 11,07 TO 09,74.0,Model A,1984,370000.0,
2014-05,TAMPINES,3 ROOM,110,TAMPINES ST 11,07 TO 09,74.0,Model A,1984,370000.0,
2014-05,TAMPINES,4 ROOM,291,TAMPINES ST 22,07 TO 09,104.0,Model A,1984,438000.0,
2014-05,TAMPINES,4 ROOM,291,TAMPINES ST 22,07 TO 09,104.0,Model A,1984,438000.0,
2014-05,TAMPINES,4 ROOM,708,TAMPINES ST 71,01 TO 03,100.0,Model A,1997,460000.0,
2014-05,TAMPINES,4 ROOM,708,TAMPINES ST 71,01 TO 03,100.0,Model A,1997,460000.0,
2014-05,TAMPINES,5 ROOM,723,TAMPINES ST 72,04 TO 06,119.0,Improved,1997,555000.0,
2014-05,TAMPINES,5 ROOM,723,TAMPINES ST 72,04 TO 06,119.0,Improved,1997,555000.0,
2014-05,TAMPINES,5 ROOM,703,TAMPINES ST 71,10 TO 12,119.0,Improved,1997,566800.0,
2014-05,TAMPINES,5 ROOM,703,TAMPINES ST 71,10 TO 12,119.0,Improved,1997,566800.0,
2014-05,TAMPINES,5 ROOM,859,TAMPINES AVE 5,07 TO 09,127.0,Improved,1988,578000.0,
2014-05,TAMPINES,5 ROOM,859,TAMPINES AVE 5,07 TO 09,127.0,Improved,1988,578000.0,
2014-05,TOA PAYOH,3 ROOM,4,UPP ALJUNIED LANE,07 TO 09,57.0,Standard,1968,298000.0,
2014-05,TOA PAYOH,3 ROOM,4,UPP ALJUNIED LANE,07 TO 09,57.0,Standard,1968,298000.0,
2014-05,TOA PAYOH,3 ROOM,232,LOR 8 TOA PAYOH,01 TO 03,65.0,Improved,1976,305000.0,
2014-05,TOA PAYOH,3 ROOM,232,LOR 8 TOA PAYOH,01 TO 03,65.0,Improved,1976,305000.0,
2014-05,TOA PAYOH,3 ROOM,9,LOR 7 TOA PAYOH,04 TO 06,66.0,Improved,1970,318000.0,
2014-05,TOA PAYOH,3 ROOM,9,LOR 7 TOA PAYOH,04 TO 06,66.0,Improved,1970,318000.0,
2014-05,TOA PAYOH,4 ROOM,191,LOR 4 TOA PAYOH,04 TO 06,84.0,Improved,1974,500000.0,
2014-05,TOA PAYOH,4 ROOM,191,LOR 4 TOA PAYOH,04 TO 06,84.0,Improved,1974,500000.0,
2014-05,WOODLANDS,3 ROOM,2,MARSILING DR,07 TO 09,65.0,Improved,1974,275000.0,
2014-05,WOODLANDS,3 ROOM,2,MARSILING DR,07 TO 09,65.0,Improved,1974,275000.0,
2014-05,WOODLANDS,4 ROOM,113,WOODLANDS ST 13,04 TO 06,91.0,New Generation,1987,340000.0,
2014-05,WOODLANDS,4 ROOM,113,WOODLANDS ST 13,04 TO 06,91.0,New Generation,1987,340000.0,
2014-05,WOODLANDS,4 ROOM,721,WOODLANDS CIRCLE,01 TO 03,102.0,Model A,1997,360000.0,
2014-05,WOODLANDS,4 ROOM,721,WOODLANDS CIRCLE,01 TO 03,102.0,Model A,1997,360000.0,
2014-05,WOODLANDS,5 ROOM,578,WOODLANDS DR 16,01 TO 03,110.0,Improved,2000,405000.0,
2014-05,WOODLANDS,5 ROOM,578,WOODLANDS DR 16,01 TO 03,110.0,Improved,2000,405000.0,
2014-05,WOODLANDS,4 ROOM,794,WOODLANDS DR 72,13 TO 15,101.0,Model A,1998,418800.0,
2014-05,WOODLANDS,4 ROOM,794,WOODLANDS DR 72,13 TO 15,101.0,Model A,1998,418800.0,
2014-05,WOODLANDS,5 ROOM,370,WOODLANDS AVE 1,01 TO 03,123.0,Improved,1996,480000.0,
2014-05,WOODLANDS,5 ROOM,370,WOODLANDS AVE 1,01 TO 03,123.0,Improved,1996,480000.0,
2014-05,WOODLANDS,EXECUTIVE,586,WOODLANDS DR 16,07 TO 09,131.0,Apartment,2001,500000.0,
2014-05,WOODLANDS,EXECUTIVE,586,WOODLANDS DR 16,07 TO 09,131.0,Apartment,2001,500000.0,
2014-05,WOODLANDS,EXECUTIVE,788B,WOODLANDS CRES,04 TO 06,141.0,Maisonette,1999,590000.0,
2014-05,WOODLANDS,EXECUTIVE,788B,WOODLANDS CRES,04 TO 06,141.0,Maisonette,1999,590000.0,
2014-05,YISHUN,3 ROOM,269,YISHUN ST 22,07 TO 09,64.0,Simplified,1988,283000.0,
2014-05,YISHUN,3 ROOM,269,YISHUN ST 22,07 TO 09,64.0,Simplified,1988,283000.0,
2014-05,YISHUN,3 ROOM,264,YISHUN ST 22,01 TO 03,64.0,Simplified,1986,285000.0,
2014-05,YISHUN,3 ROOM,264,YISHUN ST 22,01 TO 03,64.0,Simplified,1986,285000.0,
2014-05,YISHUN,3 ROOM,130,YISHUN ST 11,04 TO 06,74.0,Model A,1985,305000.0,
2014-05,YISHUN,3 ROOM,130,YISHUN ST 11,04 TO 06,74.0,Model A,1985,305000.0,
2014-05,YISHUN,3 ROOM,157,YISHUN ST 11,04 TO 06,67.0,New Generation,1985,310000.0,
2014-05,YISHUN,3 ROOM,157,YISHUN ST 11,04 TO 06,67.0,New Generation,1985,310000.0,
2014-05,YISHUN,3 ROOM,216,YISHUN ST 21,01 TO 03,68.0,New Generation,1985,332800.0,
2014-05,YISHUN,3 ROOM,216,YISHUN ST 21,01 TO 03,68.0,New Generation,1985,332800.0,
2014-05,YISHUN,4 ROOM,250,YISHUN AVE 9,10 TO 12,84.0,Simplified,1985,335000.0,
2014-05,YISHUN,4 ROOM,250,YISHUN AVE 9,10 TO 12,84.0,Simplified,1985,335000.0,
2014-05,YISHUN,3 ROOM,629,YISHUN ST 61,07 TO 09,73.0,Model A,1988,338000.0,
2014-05,YISHUN,3 ROOM,629,YISHUN ST 61,07 TO 09,73.0,Model A,1988,338000.0,
2014-05,YISHUN,4 ROOM,756,YISHUN ST 72,01 TO 03,84.0,Simplified,1985,380000.0,
2014-05,YISHUN,4 ROOM,756,YISHUN ST 72,01 TO 03,84.0,Simplified,1985,380000.0,
2014-05,YISHUN,4 ROOM,330,YISHUN RING RD,07 TO 09,105.0,Model A,1995,390000.0,
2014-05,YISHUN,4 ROOM,330,YISHUN RING RD,07 TO 09,105.0,Model A,1995,390000.0,
2014-05,YISHUN,4 ROOM,635,YISHUN ST 61,10 TO 12,104.0,Model A,1987,392000.0,
2014-05,YISHUN,4 ROOM,635,YISHUN ST 61,10 TO 12,104.0,Model A,1987,392000.0,
2014-05,YISHUN,4 ROOM,760,YISHUN ST 72,10 TO 12,84.0,Simplified,1987,400000.0,
2014-05,YISHUN,4 ROOM,760,YISHUN ST 72,10 TO 12,84.0,Simplified,1987,400000.0,
2014-05,YISHUN,4 ROOM,227,YISHUN ST 21,04 TO 06,93.0,New Generation,1985,413000.0,
2014-05,YISHUN,4 ROOM,227,YISHUN ST 21,04 TO 06,93.0,New Generation,1985,413000.0,
2014-05,YISHUN,5 ROOM,367,YISHUN RING RD,04 TO 06,122.0,Improved,1988,450000.0,
2014-05,YISHUN,5 ROOM,367,YISHUN RING RD,04 TO 06,122.0,Improved,1988,450000.0,
2014-05,YISHUN,5 ROOM,314,YISHUN RING RD,07 TO 09,136.0,Model A,1995,470000.0,
2014-05,YISHUN,5 ROOM,314,YISHUN RING RD,07 TO 09,136.0,Model A,1995,470000.0,
2014-06,ANG MO KIO,3 ROOM,474,ANG MO KIO AVE 10,10 TO 12,81.0,New Generation,1984,370000.0,
2014-06,ANG MO KIO,3 ROOM,474,ANG MO KIO AVE 10,10 TO 12,81.0,New Generation,1984,370000.0,
2014-06,BEDOK,3 ROOM,539,BEDOK NTH ST 3,04 TO 06,83.0,New Generation,1980,368000.0,
2014-06,BEDOK,3 ROOM,539,BEDOK NTH ST 3,04 TO 06,83.0,New Generation,1980,368000.0,
2014-06,BEDOK,4 ROOM,8,BEDOK STH AVE 2,10 TO 12,82.0,Improved,1976,398000.0,
2014-06,BEDOK,4 ROOM,8,BEDOK STH AVE 2,10 TO 12,82.0,Improved,1976,398000.0,
2014-06,BUKIT PANJANG,5 ROOM,505,JELAPANG RD,07 TO 09,123.0,Improved,1998,440000.0,
2014-06,BUKIT PANJANG,5 ROOM,505,JELAPANG RD,07 TO 09,123.0,Improved,1998,440000.0,
2014-06,CLEMENTI,4 ROOM,350,CLEMENTI AVE 2,04 TO 06,92.0,New Generation,1978,520000.0,
2014-06,CLEMENTI,4 ROOM,350,CLEMENTI AVE 2,04 TO 06,92.0,New Generation,1978,520000.0,
2014-06,GEYLANG,3 ROOM,52,SIMS PL,01 TO 03,65.0,Improved,1977,288000.0,
2014-06,GEYLANG,3 ROOM,52,SIMS PL,01 TO 03,65.0,Improved,1977,288000.0,
2014-06,JURONG EAST,3 ROOM,47,TEBAN GDNS RD,04 TO 06,68.0,New Generation,1985,285000.0,
2014-06,JURONG EAST,3 ROOM,47,TEBAN GDNS RD,04 TO 06,68.0,New Generation,1985,285000.0,
2014-06,JURONG EAST,4 ROOM,47,TEBAN GDNS RD,01 TO 03,98.0,New Generation,1985,360000.0,
2014-06,JURONG EAST,4 ROOM,47,TEBAN GDNS RD,01 TO 03,98.0,New Generation,1985,360000.0,
2014-06,JURONG WEST,5 ROOM,675B,JURONG WEST ST 64,04 TO 06,110.0,Premium Apartment,2008,455000.0,
2014-06,JURONG WEST,5 ROOM,675B,JURONG WEST ST 64,04 TO 06,110.0,Premium Apartment,2008,455000.0,
2014-06,KALLANG/WHAMPOA,5 ROOM,53,GEYLANG BAHRU,22 TO 24,117.0,Standard,1974,625000.0,
2014-06,KALLANG/WHAMPOA,5 ROOM,53,GEYLANG BAHRU,22 TO 24,117.0,Standard,1974,625000.0,
2014-06,PASIR RIS,4 ROOM,461,PASIR RIS DR 4,04 TO 06,104.0,Model A,1992,428000.0,
2014-06,PASIR RIS,4 ROOM,461,PASIR RIS DR 4,04 TO 06,104.0,Model A,1992,428000.0,
2014-06,PUNGGOL,5 ROOM,126D,EDGEDALE PLAINS,13 TO 15,110.0,Improved,2003,420000.0,
2014-06,PUNGGOL,5 ROOM,126D,EDGEDALE PLAINS,13 TO 15,110.0,Improved,2003,420000.0,
2014-06,SENGKANG,4 ROOM,270A,SENGKANG CTRL,13 TO 15,93.0,Premium Apartment,2010,530000.0,
2014-06,SENGKANG,4 ROOM,270A,SENGKANG CTRL,13 TO 15,93.0,Premium Apartment,2010,530000.0,
2014-06,TAMPINES,3 ROOM,436,TAMPINES ST 43,04 TO 06,74.0,Model A,1986,358000.0,
2014-06,TAMPINES,3 ROOM,436,TAMPINES ST 43,04 TO 06,74.0,Model A,1986,358000.0,
2014-07,CHOA CHU KANG,4 ROOM,423,CHOA CHU KANG AVE 4,04 TO 06,104.0,Model A,1992,380000.0,
2014-07,CHOA CHU KANG,4 ROOM,423,CHOA CHU KANG AVE 4,04 TO 06,104.0,Model A,1992,380000.0,
2014-07,PUNGGOL,4 ROOM,195A,PUNGGOL RD,01 TO 03,90.0,Premium Apartment,2007,400000.0,
2014-07,PUNGGOL,4 ROOM,195A,PUNGGOL RD,01 TO 03,90.0,Premium Apartment,2007,400000.0,
2014-07,SENGKANG,4 ROOM,272D,SENGKANG CTRL,01 TO 03,90.0,Premium Apartment,2009,500000.0,
2014-07,SENGKANG,4 ROOM,272D,SENGKANG CTRL,01 TO 03,90.0,Premium Apartment,2009,500000.0,
2014-08,CLEMENTI,4 ROOM,347,CLEMENTI AVE 5,10 TO 12,92.0,New Generation,1979,520000.0,
2014-08,CLEMENTI,4 ROOM,347,CLEMENTI AVE 5,10 TO 12,92.0,New Generation,1979,520000.0,
2014-11,BEDOK,3 ROOM,529,BEDOK NTH ST 3,13 TO 15,68.0,New Generation,1979,308000.0,
2014-11,BEDOK,3 ROOM,529,BEDOK NTH ST 3,13 TO 15,68.0,New Generation,1979,308000.0,
2014-11,SENGKANG,4 ROOM,271C,SENGKANG CTRL,04 TO 06,93.0,Premium Apartment,2010,500000.0,
2014-11,SENGKANG,4 ROOM,271C,SENGKANG CTRL,04 TO 06,93.0,Premium Apartment,2010,500000.0,
2014-12,WOODLANDS,5 ROOM,664,WOODLANDS RING RD,01 TO 03,121.0,Improved,1998,400000.0,
2014-12,WOODLANDS,5 ROOM,664,WOODLANDS RING RD,01 TO 03,121.0,Improved,1998,400000.0,
